,is_fraud,text,norm
0,1,"здравствуйте, я менеджер банка SBI, срок действия вашей дебетовой карты истекает, если вы хотите выпустить новую  карту.","здравствуйте, я менеджер банк sbi, срок действие ваш дебетовый карта истекает, если вы хотеть выпустить новый карту."
1,1,"Номера Vodafone, заканчивающиеся на 4882, выбираются для получения награды в размере 350 фунтов стерлингов. Если ваш номер совпадает, позвоните 09064019014, чтобы получить награду в размере 350 фунтов стерлингов.","номер vodafone, заканчиваться на 4882, выбираться для получение награда в размер 350 фунт стерлингов. если ваш номер совпадает, позвонить 09064019014, чтобы получить награда в размер 350 фунт стерлингов."
2,0,"Пожалуйста, не говори так. Привет, привет","пожалуйста, не говорить так. привет, привет"
3,0,Спасибо!,спасибо!
4,0,"Это было переадресованное послание. Я думала, ты мне это пришлёшь.","это быть переадресовать послание. я думала, ты я это пришлёшь."
5,0,"Понятно. Семнадцать фунтов за семьсот миллилитров – надеюсь, хорошо.","понятно. семнадцать фунт за семьсот миллилитр – надеюсь, хорошо."
6,0,Мы с ним такие смешные...,мы с они такой смешные...
7,0,"Дорогая, надеюсь, у тебя не будет такого дня! Есть один с кучей причин, чтобы улыбнуться. Biola","дорогая, надеюсь, у ты не быть такой дня! есть один с куча причин, чтобы улыбнуться. biola"
8,0,"Когда ты войдешь в систему, папа заберет тебя домой?","когда ты войти в систему, папа забрать ты домой?"
9,0,"Что мы будем делать в душе, детка?","что мы быть делать в душе, детка?"
10,0,Я задал вам вопрос несколько часов назад. Его ответ,я задать вы вопрос несколько час назад. он ответ
11,0,"Ну, мне определенно нужно пополнить запасы до Дня благодарения, я дам вам знать, когда я выйду","ну, я определённо нужно пополнить запас до день благодарения, я дать вы знать, когда я выйти"
12,0,"поцелуй, поцелуй, я не могу сделать звуковые эффекты! Он великолепный человек, не так ли! Такой человек, которому нужна улыбка, чтобы украсить свой день!","поцелуй, поцелуй, я не мочь сделать звуковой эффекты! он великолепный человек, не так ли! такой человек, который нужный улыбка, чтобы украсить свой день!"
13,0,"Вероятно, заскочу немного.","вероятно, закон немного."
14,0,"Очень хорошо, будьте готовы к четвергу.","очень хорошо, быть готовый к четвергу."
15,0,"Алло! Мы отважились на автобусы, сели на поезда и победили. Я имею в виду, что мы в Б'хаме. Хорошего отдыха на неделе","алло! мы отважиться на автобусы, сель на поезд и победили. я иметь в виду, что мы в б'хаме. хороший отдых на неделя"
16,0,"Просмотр мультфильмов, прослушивание музыки и в канун должен был пойти храм &amp; церковь.. А как насчет вас?","просмотр мультфильмов, прослушивание музыка и в канун должный быть пойти храм &amp; церковь.. а как насчёт вас?"
17,0,"Вы не против, если я спрошу, что случилось? Вы не должны говорить, если это неудобно.","вы не против, если я спрошу, что случилось? вы не должный говорить, если это неудобно."
18,0,Нет проблем. Я отправлю на вашу электронную почту.,нет проблем. я отправить на ваш электронный почту.
19,1,"Вы выиграли €1000 наличными или приз в размере €2000! Чтобы подать заявку, позвоните по номеру 09050000327.","вы выиграть €1000 наличные или приз в размер €2000! чтобы подать заявку, позвонить по номер 09050000327."
20,0,Это круто! Иногда медленно и нежно. Иногда грубо и тяжело.,это круто! иногда медленно и нежно. иногда грубо и тяжело.
21,0,"Я скажу ""нет"". Извини, но как обычно, я начинаю паниковать по поводу времени. Извините еще раз! Вы видите во вторник?","я сказать ""нет"". извини, но как обычно, я начинать паниковать по повод времени. извинить ещё раз! вы видеть в вторник?"
22,1,"здравствуйте, сэр, я из службы поддержки клиентов jio через 23 часа ваш сим будет закрыт. вы хотите активировать его.","здравствуйте, сэр, я из служба поддержка клиент jio через 23 час ваш сие быть закрыт. вы хотеть активировать его."
23,1,"здравствуйте, сэр, я из службы поддержки клиентов airtel через 23 часа ваш сим будет закрыт. вы хотите активировать его.","здравствуйте, сэр, я из служба поддержка клиент airtel через 23 час ваш сие быть закрыт. вы хотеть активировать его."
24,1,"здравствуйте, сэр, я от идеи обслуживания клиентов в 23 часов ваш сим будет закрыт. вы хотите активировать его.","здравствуйте, сэр, я от идея обслуживание клиент в 23 час ваш сие быть закрыт. вы хотеть активировать его."
25,1,"здравствуйте, сэр, я из службы поддержки клиентов Vodafone через 23 часа ваш сим будет закрыт. вы хотите активировать его.","здравствуйте, сэр, я из служба поддержка клиент vodafone через 23 час ваш сие быть закрыт. вы хотеть активировать его."
26,1,"здравствуйте, сэр, я из службы поддержки клиентов bsnl через 23 часа ваш сим будет закрыт. вы хотите активировать его.","здравствуйте, сэр, я из служба поддержка клиент bsnl через 23 час ваш сие быть закрыт. вы хотеть активировать его."
27,1,"здравствуйте, сэр, я из mtnl обслуживания клиентов в 23 часов ваш сим будет закрыт. вы хотите активировать его.","здравствуйте, сэр, я из mtnl обслуживание клиент в 23 час ваш сие быть закрыт. вы хотеть активировать его."
28,1,"здравствуйте, сэр, я из службы поддержки клиентов jio через 23 часа ваш сим будет деактивирован. вы хотите активировать его.","здравствуйте, сэр, я из служба поддержка клиент jio через 23 час ваш сие быть деактивирован. вы хотеть активировать его."
29,1,"здравствуйте, сэр, я из службы поддержки клиентов airtel через 23 часа ваш сим будет деактивирован. вы хотите активировать его.","здравствуйте, сэр, я из служба поддержка клиент airtel через 23 час ваш сие быть деактивирован. вы хотеть активировать его."
30,1,"здравствуйте, сэр, я от идеи обслуживания клиентов в 23 часов ваш сим будет деактивирован. вы хотите активировать его.","здравствуйте, сэр, я от идея обслуживание клиент в 23 час ваш сие быть деактивирован. вы хотеть активировать его."
31,1,"здравствуйте, сэр, я из службы поддержки клиентов Vodafone через 23 часа ваш сим будет деактивирован. вы хотите активировать его.","здравствуйте, сэр, я из служба поддержка клиент vodafone через 23 час ваш сие быть деактивирован. вы хотеть активировать его."
32,1,"здравствуйте, сэр, я из службы поддержки клиентов bsnl через 23 часа ваш сим будет деактивирован. вы хотите активировать его.","здравствуйте, сэр, я из служба поддержка клиент bsnl через 23 час ваш сие быть деактивирован. вы хотеть активировать его."
33,1,"здравствуйте, сэр, я из центра обслуживания клиентов JIO, мы проверяем ваш номер, поэтому в вашем телефоне четыре цифры OPT будут отправлены. скажите мне, что OTP.","здравствуйте, сэр, я из центр обслуживание клиент jio, мы проверять ваш номер, поэтому в ваш телефон четыре цифра opt быть отправлены. сказать мне, что otp."
34,1,"здравствуйте, сэр, я из центра обслуживания клиентов airtel, мы проверяем ваш номер, поэтому в вашем телефоне четыре цифры opt будут отправлены. скажите мне, что OTP.","здравствуйте, сэр, я из центр обслуживание клиент airtel, мы проверять ваш номер, поэтому в ваш телефон четыре цифра opt быть отправлены. сказать мне, что otp."
35,1,"здравствуйте, сэр, я из центра обслуживания клиентов IDEA, мы проверяем ваш номер, поэтому в вашем телефоне четыре цифры OPT будут отправлены. скажите мне, что OTP.","здравствуйте, сэр, я из центр обслуживание клиент idea, мы проверять ваш номер, поэтому в ваш телефон четыре цифра opt быть отправлены. сказать мне, что otp."
36,1,"здравствуйте, сэр, я из центра обслуживания клиентов Vodafone, мы проверяем ваш номер, поэтому в вашем телефоне четыре цифры OPT будут отправлены. скажите мне, что OTP.","здравствуйте, сэр, я из центр обслуживание клиент vodafone, мы проверять ваш номер, поэтому в ваш телефон четыре цифра opt быть отправлены. сказать мне, что otp."
37,1,"здравствуйте, сэр, я из центра обслуживания клиентов bsnl, мы проверяем ваш номер, поэтому в вашем телефоне будет отправлено четыре цифры opt. скажите мне, что otp.","здравствуйте, сэр, я из центр обслуживание клиент bsnl, мы проверять ваш номер, поэтому в ваш телефон быть отправить четыре цифра opt. сказать мне, что otp."
38,1,"здравствуйте, сэр, это ваш менеджер банка hdfc. ваш kyc истек. Поэтому вам нужно kyc себя, но из-за настройки covid мы делаем kyc онлайн, пожалуйста, скажите мне детали вашего счета.","здравствуйте, сэр, это ваш менеджер банк hdfc. ваш kyc истек. поэтому вы нужно kyc себя, но из-за настройка covid мы делать kyc онлайн, пожалуйста, сказать я деталь ваш счета."
39,1,"здравствуйте, сэр, это ваш менеджер банка ICICI. ваш kyc истек. Таким образом, вы бреетесь, чтобы kyc себя, но из-за настройки covid мы делаем kyc онлайн, пожалуйста, сообщите мне информацию о своем счете.","здравствуйте, сэр, это ваш менеджер банк icici. ваш kyc истек. такой образом, вы беретесь, чтобы kyc себя, но из-за настройка covid мы делать kyc онлайн, пожалуйста, сообщить я информация о свой счете."
40,1,"здравствуйте, сэр, это ваш менеджер банка Axis. ваш kyc истек. Поэтому вам нужно kyc себя, но из-за настройки covid мы делаем kyc онлайн, пожалуйста, скажите мне детали вашего счета.","здравствуйте, сэр, это ваш менеджер банк axis. ваш kyc истек. поэтому вы нужно kyc себя, но из-за настройка covid мы делать kyc онлайн, пожалуйста, сказать я деталь ваш счета."
41,1,"здравствуйте, сэр, это ваш менеджер банка uniun. ваш kyc истек. Поэтому вам нужно kyc себя, но из-за настройки covid мы делаем kyc онлайн, pleae скажите мне детали вашего счета.","здравствуйте, сэр, это ваш менеджер банк uniun. ваш kyc истек. поэтому вы нужно kyc себя, но из-за настройка covid мы делать kyc онлайн, pleae сказать я деталь ваш счета."
42,1,"здравствуйте, сэр, это ваш менеджер банка sbi. ваш kyc истек. Поэтому вам нужно kyc себя, но из-за настройки covid мы делаем kyc онлайн, пожалуйста, скажите мне детали вашего счета.","здравствуйте, сэр, это ваш менеджер банк sbi. ваш kyc истек. поэтому вы нужно kyc себя, но из-за настройка covid мы делать kyc онлайн, пожалуйста, сказать я деталь ваш счета."
43,1,"здравствуйте, сэр, это ваш менеджер банка в Аллахабаде. ваш kyc истек. Поэтому вам нужно kyc себя, но из-за настройки covid мы делаем kyc онлайн, пожалуйста, скажите мне детали вашего счета.","здравствуйте, сэр, это ваш менеджер банк в аллахабаде. ваш kyc истек. поэтому вы нужно kyc себя, но из-за настройка covid мы делать kyc онлайн, пожалуйста, сказать я деталь ваш счета."
44,1,"здравствуйте, сэр, вы используете bhim/upi , сэр, вы должны благодарить свой bhim/upi othr за то, что ваш аккаунт будет заблокирован.","здравствуйте, сэр, вы использовать bhim/upi , сэр, вы должный благодарить свой bhim/upi othr за то, что ваш аккаунт быть заблокирован."
45,1,"здравствуйте, сэр, скажите мне свой номер мобильного телефона кредитной/дебетовой карты и карту aadhar.","здравствуйте, сэр, сказать я свой номер мобильный телефон кредитной/дебетовый карта и карта aadhar."
46,1,"здравствуйте, я из текстового отдела доходов, вы не зарегистрировали свой aadhar на своей карте Pan. пожалуйста, скажите мне свой номер aadhar, чтобы подключиться к вашей карте Pan.","здравствуйте, я из текстовый отдел доходов, вы не зарегистрировать свой aadhar на свой карта pan. пожалуйста, сказать я свой номер aadhar, чтобы подключиться к ваш карта pan."
47,1,"здравствуйте, сэр, я из банка, пожалуйста, скажите мне номер CVV вашей карты для вашей банковской верификации.","здравствуйте, сэр, я из банка, пожалуйста, сказать я номер cvv ваш карта для ваш банковский верификации."
48,1,"здравствуйте, сэр, я из Union Bank, сэр, я должен позвонить вам для проверки вашего банковского счета, вы хотите подтвердить свой счет. сэр, затем скажите мне номер вашей карты aadhar и Pan карты и номер вашей дебетовой/кредитной карты.","здравствуйте, сэр, я из union bank, сэр, я должный позвонить вы для проверка ваш банковский счета, вы хотеть подтвердить свой счет. сэр, затем сказать я номер ваш карта aadhar и pan карта и номер ваш дебетовой/кредитный карты."
49,1,"здравствуйте, сэр, я из банка sbi, сэр, я должен позвонить вам для проверки вашего банковского счета, вы хотите подтвердить свой счет. сэр, затем скажите мне номер вашей карты aadhar и Pan, а также номер вашей дебетовой/кредитной карты.","здравствуйте, сэр, я из банк sbi, сэр, я должный позвонить вы для проверка ваш банковский счета, вы хотеть подтвердить свой счет. сэр, затем сказать я номер ваш карта aadhar и pan, а также номер ваш дебетовой/кредитный карты."
50,1,"здравствуйте, сэр, я из банка hdfc, сэр, у меня есть звонок вам для проверки вашего банковского счета, вы хотите подтвердить свой счет. сэр, затем скажите мне номер вашей карты aadhar и Pan, а также номер вашей дебетовой/кредитной карты.","здравствуйте, сэр, я из банк hdfc, сэр, у я есть звонок вы для проверка ваш банковский счета, вы хотеть подтвердить свой счет. сэр, затем сказать я номер ваш карта aadhar и pan, а также номер ваш дебетовой/кредитный карты."
51,1,"здравствуйте, сэр, я из индийского банка, сэр, я должен позвонить вам для проверки вашего банковского счета. Вы хотите подтвердить свой счет. Затем, сэр, сообщите мне номер вашей карты aadhar и Pan и номер вашей дебетовой/кредитной карты.","здравствуйте, сэр, я из индийский банка, сэр, я должный позвонить вы для проверка ваш банковский счета. вы хотеть подтвердить свой счет. затем, сэр, сообщить я номер ваш карта aadhar и pan и номер ваш дебетовой/кредитный карты."
52,1,"здравствуйте, сэр, я из банка OBI, сэр, я должен позвонить вам для проверки вашего банковского счета. Вы хотите подтвердить свой счет. Затем, сэр, сообщите мне номер вашей карты Aadhar и Pan, а также номер вашей дебетовой/кредитной карты.","здравствуйте, сэр, я из банк obi, сэр, я должный позвонить вы для проверка ваш банковский счета. вы хотеть подтвердить свой счет. затем, сэр, сообщить я номер ваш карта aadhar и pan, а также номер ваш дебетовой/кредитный карты."
53,1,"здравствуйте, сэр, я из банка Аллахабада, сэр, у меня есть звонок вам для проверки вашего банковского счета. Вы хотите подтвердить свой счет. Затем, сэр, сообщите мне номер вашей карты aadhar и Pan и номер вашей дебетовой/кредитной карты.","здравствуйте, сэр, я из банк аллахабада, сэр, у я есть звонок вы для проверка ваш банковский счета. вы хотеть подтвердить свой счет. затем, сэр, сообщить я номер ваш карта aadhar и pan и номер ваш дебетовой/кредитный карты."
54,1,"здравствуйте, сэр, я из банка Барода, сэр, я должен позвонить вам для проверки вашего банковского счета. Вы хотите подтвердить свой счет. Затем, сэр, сообщите мне номер вашей карты Aadhar и Pan, а также номер вашей дебетовой/кредитной карты.","здравствуйте, сэр, я из банк народа, сэр, я должный позвонить вы для проверка ваш банковский счета. вы хотеть подтвердить свой счет. затем, сэр, сообщить я номер ваш карта aadhar и pan, а также номер ваш дебетовой/кредитный карты."
55,1,"здравствуйте, сэр ,я из unoin банка Индии у вас есть заполнить форму заявки на кредит. я позвонил вам для проверки вашего документа, скажите мне свой номер aadhar и otp вашего мобильного номера.","здравствуйте, сэр ,я из unoin банк индия у вы есть заполнить форма заявка на кредит. я позвонить вы для проверка ваш документа, сказать я свой номер aadhar и otp ваш мобильный номера."
56,1,"здравствуйте, сэр ,я из sbi банка Индии у вас есть заполнить форму заявки на кредит. я позвонил вам для проверки вашего документа, скажите мне свой номер aadhar и otp вашего мобильного номера.","здравствуйте, сэр ,я из sbi банк индия у вы есть заполнить форма заявка на кредит. я позвонить вы для проверка ваш документа, сказать я свой номер aadhar и otp ваш мобильный номера."
57,1,"здравствуйте, сэр ,я из банка Axis в Индии, у вас есть заполненная форма заявки на кредит. я позвонил вам для проверки вашего документа, скажите мне свой номер aadhar и otp вашего мобильного номера.","здравствуйте, сэр ,я из банк axis в индии, у вы есть заполнить форма заявка на кредит. я позвонить вы для проверка ваш документа, сказать я свой номер aadhar и otp ваш мобильный номера."
58,1,"здравствуйте, сэр ,я из банка hdfc Индии, у вас есть заполненная форма заявки на кредит. я позвонил вам для проверки вашего документа, скажите мне свой номер aadhar и otp вашего мобильного номера.","здравствуйте, сэр ,я из банк hdfc индии, у вы есть заполнить форма заявка на кредит. я позвонить вы для проверка ваш документа, сказать я свой номер aadhar и otp ваш мобильный номера."
59,1,"здравствуйте, сэр ,я из банка Барода Индия у вас есть заполнить форму заявки на кредит. я позвонил вам для проверки вашего документа, скажите мне свой номер aadhar и OTP вашего мобильного номера.","здравствуйте, сэр ,я из банк народ индия у вы есть заполнить форма заявка на кредит. я позвонить вы для проверка ваш документа, сказать я свой номер aadhar и otp ваш мобильный номера."
60,1,"здравствуйте, сэр, я из paytm есть предложение в paytm обновить свой счет, чтобы вы могли наслаждаться лучшими кешбэками.","здравствуйте, сэр, я из paytm есть предложение в paytm обновить свой счет, чтобы вы мочь наслаждаться хороший кешбэка."
61,1,"вы выиграли счастливый розыгрыш для покупок на Amazon, предоставьте свои банковские реквизиты для внесения вашей суммы на счет логистики.","вы выиграть счастливый розыгрыш для покупка на amazon, предоставить свой банковский реквизит для внесение ваш сумма на счёт логистики."
62,1,"вы выиграли счастливый розыгрыш для покупок на флипкарте, предоставьте свои банковские реквизиты для внесения вашей суммы на счет логистики.","вы выиграть счастливый розыгрыш для покупка на литкарте, предоставить свой банковский реквизит для внесение ваш сумма на счёт логистики."
63,1,"вы выиграли счастливый розыгрыш для покупок на myntra, предоставьте свои банковские реквизиты для внесения вашей суммы на счет логистики.","вы выиграть счастливый розыгрыш для покупка на myntra, предоставить свой банковский реквизит для внесение ваш сумма на счёт логистики."
64,1,"здравствуйте, сэр, мы из центра здравоохранения covid-19, для вакцинации звоните 7845963214","здравствуйте, сэр, мы из центр здравоохранение covid-19, для вакцинация звонить 7845963214"
65,1,"здравствуйте, сэр, я из центра Covid-19, вы заполнили форму для вакцинации, мы за верификацию вашего документа.","здравствуйте, сэр, я из центр covid-19, вы заполнить форма для вакцинации, мы за верификация ваш документа."
66,1,"здравствуйте, сэр, я из центра covid-19, те, кто вакцинирован, они получат деньги индийским правительством, пожалуйста, сообщите мне информацию о счете, чтобы внести деньги на ваш счет.","здравствуйте, сэр, я из центр covid-19, те, кто вакцинирован, они получить деньга индийский правительством, пожалуйста, сообщить я информация о счете, чтобы внести деньга на ваш счет."
67,1,"здравствуйте, сэр, я из центра covid-19, за вакцинацию вы должны заплатить деньги ,пожалуйста, заплатите свои деньги за это upi myupi@axis","здравствуйте, сэр, я из центр covid-19, за вакцинация вы должный заплатить деньга ,пожалуйста, заплатить свой деньга за это upi myupi@axis"
68,0,"здравствуйте, как поживаете. Я в порядке, а как же вы.","здравствуйте, как поживаете. я в порядке, а как же вы."
69,0,hii,hii
70,0,"Feb 10, 2008, 14:24","feb 10, 2008, 14:24"
71,1,"привет, вы выиграли 10000 INR, вы хотите внести его на свой банковский счет.","привет, вы выиграть 10000 inr, вы хотеть внести он на свой банковский счет."
72,1,дайте мне номер вашего банковского счета и номер дебетовой карты для внесения денег на ваш банковский счет.,дать я номер ваш банковский счёт и номер дебетовый карта для внесение деньга на ваш банковский счет.
73,1,"здравствуйте, сэр,я из банка sbi,вы хотите новую кредитную карту. Дайте свой aadhar и номер мобильного телефона для выпуска кредитной карты.","здравствуйте, сэр,ть из банк sbi,в хотеть новый кредитный карту. дать свой aadhar и номер мобильный телефон для выпуск кредитный карты."
74,1,"здравствуйте, сэр, чтобы получить ваучер на 500 INR для игры в рамми перейдите по этой ссылке http://xyz.abc","здравствуйте, сэр, чтобы получить ваучер на 500 inr для игра в рамми перейти по этот ссылка http://xyz.abc"
75,1,"здравствуйте, я из индийской армии. по ошибке я дал свой номер мобильного телефона в amozon во время онлайн-покупок, что почему у вас есть OTP, пожалуйста, скажите мне, что OTP.","здравствуйте, я из индийский армии. по ошибка я дать свой номер мобильный телефон в amozon в время онлайн-покупок, что почему у вы есть otp, пожалуйста, сказать мне, что otp."
76,1,"Как ценный сетевой клиент, вы были выбраны, чтобы получить приз в размере 9000 INR! Чтобы подать заявку, позвоните по номеру 09061701461. Код заявки KL341. Действителен только 12 часов.","как ценный сетевой клиент, вы быть выбраны, чтобы получить приз в размер 9000 inr! чтобы подать заявку, позвонить по номер 09061701461. код заявка kl341. действительный только 12 часов."
77,1,Если ваш мобильный телефон 11 месяцев или больше? вы имеете право на обновление до последних цветных мобильных телефонов с камерой бесплатно! Позвоните в The Mobile Update Co БЕСПЛАТНО по телефону 08002986030.,если ваш мобильный телефон 11 месяц или больше? вы иметь право на обновление до последний цветной мобильный телефон с камера бесплатно! позвонить в the mobile update co бесплатно по телефон 08002986030.
78,0,"Хорошо, я смотрю здесь.","хорошо, я смотреть здесь."
79,0,"Это правда, как ты пишешь его имя?","это правда, как ты писать он имя?"
80,0,"Попробую 2 месяца,ха-ха, только шучу.","попробовать 2 месяца,ха-ха, только шучу."
81,0,Ты сел на автобус? Ты жаришь яйцо? Ты заварил чай? Ты ешь остатки мамы за ужином? Чувствуешь мою любовь ?,ты сесть на автобус? ты жарить яйцо? ты заварить чай? ты есть остаток мама за ужином? чувствовать мой любовь ?
82,0,"Я вернулся, и мы собираем машину, я дам вам знать, если есть место.","я вернулся, и мы собирать машину, я дать вы знать, если есть место."
83,0,"Здравствуйте! Как вы и как прошла суббота? Я просто писала, чтобы узнать, не решил ли ты сделать что-нибудь томографическое. Не то, чтобы я пытался пригласить себя или что-то еще!","здравствуйте! как вы и как пройти суббота? я просто писала, чтобы узнать, не решить ли ты сделать что-нибудь томографическое. не то, чтобы я пытаться пригласить себя или что-то еще!"
84,0,Пльс идут вперед с ваттами. Я просто хотел быть уверенным. Приятных выходных.,плюс идти вперёд с ваттами. я просто хотеть быть уверенным. приятный выходных.
85,0,"Хорошо, расскажи мне что-нибудь о себе.","хорошо, рассказать я что-нибудь о себе."
86,0,"ты не представляешь, какой я упрямый. Я даже не хотел идти в больницу. Я продолжал говорить Марку, что я не слабак. Больницы для слабых сосисок.","ты не представляешь, какой я упрямый. я даже не хотеть идти в больницу. я продолжать говорить марку, что я не слабак. больница для слабый сосисок."
87,0,Что ты обо мне думаешь. Вы впервые увидели меня в классе.,что ты о я думаешь. вы впервые увидеть я в классе.
88,0,"Знаешь, что вчера сделала Маллика Шерават?","знаешь, что вчера сделать маллик рават?"
89,1,Поздравляем! 1 год специального пропуска в кино на двоих - ваш. Не пропустите!,поздравляем! 1 год специальный пропуск в кино на двое - ваш. не пропустите!
90,0,"Извините, я позвоню позже на встрече.","извините, я позвонить поздний на встрече."
91,0,"Расскажите, где вы добрались.","расскажите, где вы добрались."
92,0,Да...Гаути и Сехваг из серии Оди.,да...агути и сев из серия оди.
93,0,Тебе придётся забрать себе бургер за 1 доллар по дороге домой. Я даже не могу пошевелиться. Боль убивает меня.,ты прийтись забрать себя бургер за 1 доллар по дорога домой. я даже не мочь пошевелиться. боль убивать меня.
94,0,Хорошая шутка. Девочки - искатели ситуаций.,хороший шутка. девочка - искатель ситуаций.
95,0,Это часть проверки IQ.,это часть проверка iq.
96,0,"Простите, мои соседи по комнате заняли целую вечность, ничего, если я сейчас приду?","простите, мой сосед по комната занять целый вечность, ничего, если я сейчас приду?"
97,0,Планирую отдать в конце этого месяца.,планировать отдать в конец это месяца.
98,0,Вах везунчик... Тогда можно сэкономить... Хи...,ваха везунчик... тогда можно сэкономить... хи...
99,0,"Занятия закончились, где вы?","занятие закончились, где вы?"
100,1,"ПРИВЕТ, ДЕТКА, Я ДОМА, ТЕПЕРЬ ХОЧУ ЧТО-ТО СДЕЛАТЬ? XXX","привет, ека, я ома, теперь оу то-то делать? xxx"
101,0,"хорошо, где вы? как вы выступили?","хорошо, где вы? как вы выступили?"
102,0,Можете мне позвонить,мочь я позвонить
103,0,"Я жду Махана. Позвони мне, как освободишься.","я ждать махала. позвонить мне, как освободишься."
104,0,Это круто. Я джентльмен и буду относиться к вам с достоинством и уважением.,это круто. я джентльмен и быть относиться к вы с достоинство и уважением.
105,0,"Вы мне очень нравитесь, но я очень застенчивый папа.","вы я очень нравитесь, но я очень застенчивый папа."
106,0,Не работает после  &lt;#&gt;  или что,не работать после &lt;#&gt; или что
107,0,Здесь все по-другому. Все еще ищу работу. Сколько вы там зарабатываете.,здесь всё по-другому. всё ещё искать работу. сколько вы там зарабатываете.
108,0,"Извините, я позвоню позже.","извините, я позвонить позже."
109,0,Ты только что мне позвонил?,ты только что я позвонил?
110,0,"Хорошо, я на пути домой.","хорошо, я на путь домой."
111,0,Вы окажетесь на месте этого человека.,вы оказаться на место это человека.
112,0,"Да, следующая остановка.","да, следующий остановка."
113,0,"Я позвоню тебе позже, у меня нет сети. Если срочно, напишите мне.","я позвонить ты позже, у я нет сети. если срочно, написать мне."
114,0,"Серьезно, когда ты нападаешь на себя? Мне нужно еще два билета и еще один пиджак, и я закончил. Я уже использовал все свои мультисы.","серьезно, когда ты нападать на себя? я нужно ещё два билет и ещё один пиджак, и я закончил. я уже использовать всё свой мульти."
115,0,"Да, я начал посылать запросы, чтобы сделать это, но боль вернулась, поэтому я вернулся в постель. Двойные монеты на заводе. Я должен обналичить все свои нитро.","да, я начать посылать запросы, чтобы сделать это, но боль вернулась, поэтому я вернуться в постель. двойной монета на заводе. я должный обналичить всё свой нитро."
116,0,"Я действительно не до этого еще сегодня вечером, детка","я действительно не до это ещё сегодня вечером, детка"
117,0,"приходите, когда будете свободны.","приходите, когда быть свободны."
118,0,Смотреть мультфильм «Телугу» - как насчет тебя?,смотреть мультфильм «телугу» - как насчёт тебя?
119,0,"понятно. Когда мы закончим, у нас будет куча кредитов для оплаты.","понятно. когда мы закончим, у мы быть куча кредит для оплаты."
120,0,Является ли это испытанием для вас?,являться ли это испытание для вас?
121,0,Я вижу чашку кофе с анимацией.,я видеть чашка кофе с анимацией.
122,0,"Пожалуйста, больше не пиши мне. Мне больше нечего сказать.","пожалуйста, большой не писать мне. я большой нечего сказать."
123,0,"Хорошо, назовите свою цену, пока это законно! Когда я смогу их забрать?","хорошо, назвать свой цену, пока это законно! когда я смочь они забрать?"
124,0,"Я все еще ищу машину, чтобы купить. Четвертый тест на вождение еще не прошел.","я всё ещё искать машину, чтобы купить. четвёртый тест на вождение ещё не прошел."
125,0,"В соответствии с вашим запросом 'balle balle' был установлен в качестве вашего callertune для всех звонящих. Нажмите *9, чтобы скопировать друзей Callertune","в соответствие с ваш запрос 'balle balle' быть установить в качество ваш callertune для весь звонящих. нажать *9, чтобы скопировать друг callertune"
126,0,"ты прав! Я не хотел этого делать. Я думаю, как только я отказался от бостонцев и изменил свое местоположение поиска на хорошее, что-то изменилось. Потому что на моей странице входа в систему все еще написано Бостон.","ты прав! я не хотеть это делать. я думаю, как только я отказаться от бостонец и изменить свой местоположение поиск на хорошее, что-то изменилось. потому что на мой страница вход в система всё ещё написать бостон."
127,0,Умма моя жизнь и вава умма люблю тебя много дорогой,умма мой жизнь и вава умма любить ты много дорога
128,0,"Большое спасибо за ваши пожелания в мой день рождения. Спасибо, что сделали мой день рождения по-настоящему запоминающимся.","большой спасибо за ваш пожелание в мой день рождения. спасибо, что сделать мой день рождение по-настоящему запоминающимся."
129,0,"Хорошо, я свяжусь с тобой, когда получу немного наличных","хорошо, я связаться с тобой, когда получить немного наличный"
130,0,"Как мой IP-адрес может проверить, что мой компьютер не является сервером minecraft","как мой ip-адрес мочь проверить, что мой компьютер не являться сервер minecraft"
131,0,"Ворчливые старики. Моей маме казалось, что тебе лучше не лгать. Опять же, я всегда тот, кто играет шутки...","ворчливый старики. мой мама казалось, что ты хороший не лгать. опять же, я всегда тот, кто играть шутки..."
132,0,"Не волнуйся, я думаю, он занят.","не волнуйся, я думаю, он занят."
133,0,Что является множественным числом существительного исследования?,что являться множественный число существительное исследования?
134,0,Пойду поужинаю. После переписки.,пойти поужинал. после переписки.
135,0,"Я согласен с этим, потому что мне нравится пробовать новые вещи. Но я испугался, что ты поступил так же, как и я, потому что ты сказал не слишком громко.","я согласный с этим, потому что я нравиться пробовать новый вещи. но я испугался, что ты поступить так же, как и я, потому что ты сказать не слишком громко."
136,0,"Мой дядя только что сообщил мне, что он платит школе напрямую. Поэтому, пожалуйста, покупайте еду.","мой дядя только что сообщить мне, что он платить школа напрямую. поэтому, пожалуйста, покупать еду."
137,1,Ваша выписка по счету за 2004 год за 07742676969 показывает 786 неиспользованных бонусных баллов. Для подачи заявки позвоните по номеру 08719180248 Идентификационный код: 45239 Срок действия истекает,ваш выписка по счёт за 2004 год за 07742676969 показывать 786 неиспользованный бонусный баллов. для подача заявка позвонить по номер 08719180248 идентификационный код: 45239 срок действие истекать
138,1,"Ваш номер мобильного телефона был награжден 2000 INR Bonus Caller Prize на 5/9/0021 Это наша последняя попытка связаться с U! скачать приложение xyz, чтобы получить его.","ваш номер мобильный телефон быть наградить 2000 inr bonus caller prize на 5/9/0021 это наш последний попытка связаться с u! скачать приложение xyz, чтобы получить его."
139,0,вот мой новый адрес - apples&pairs&all that malarky,вот мой новый адрес - apples&pairs&all that malarky
140,1,"Сегодня номера Vodafone, заканчивающиеся 7548, выбраны для получения награды в размере 350 долларов США. Если у вас есть совпадение, пожалуйста, позвоните по телефону 08712300220, указав код заявки 4041 стандартные ставки App","сегодня номер vodafone, заканчиваться 7548, выбрать для получение награда в размер 350 доллар сша. если у вы есть совпадение, пожалуйста, позвонить по телефон 08712300220, указать код заявка 4041 стандартный ставка app"
141,0,Сегодня я еду в Сан-Му. Сделать это можно будет только в 12,сегодня я еда в сан-му. сделать это можно быть только в 12
142,0,"вы спрогнозировали, в какое время вы закончите покупку?","вы спрогнозировали, в какой время вы закончить покупку?"
143,0,"Хорошая штука, подойдет.","хороший штука, подойдет."
144,0,"Просто, чтобы вы знали, баран еще не отправил деньги. Я только что отправил ей смс, чтобы не беспокоиться об отправке. Так что все кончено, вам не нужно вовлекать себя ни в что. Я не должен был ничего тебе навязывать, так что прошу прощения.","просто, чтобы вы знали, баран ещё не отправить деньги. я только что отправить она смс, чтобы не беспокоиться о отправке. так что всё кончено, вы не нужно вовлекать себя ни в что. я не должный быть ничего ты навязывать, так что просить прощения."
145,0,"Ты там, в комнате.","ты там, в комнате."
146,0,"ПРИВЕТ, ДЕВОЧКА. НАДЕЮСЬ, ЧТО ВЫ ХОРОШО МЕНЯ И RAM ВЕРНУЛИСЬ! ОПЯТЬ ДОЛГО НЕ ВИДЕЛИСЬ! ДАЙТЕ МНЕ СУММУ ВРЕМЕНИ ЗВОНКА ОТ ЛЮСИ","привет, девочка. надеюсь, то в хорошо ня и ram вернулись! пять ого на видели! ата не умм время зона от лси"
147,0,Сколько это стоит? ,сколько это стоит?
148,0,Я дома. ,я дома.
149,0,"Уважаемый, позвоню завтра. пожалуйста, разместитесь.","уважаемый, позвонить завтра. пожалуйста, разместить."
150,0,Сначала ответьте на мой вопрос.,сначала ответить на мой вопрос.
151,1,Еженедельная викторина Sunshine! Выиграйте лучший DVD-звонок Sony 789654123.,еженедельный викторин sunshine! выиграть хороший dvd-звонок sony 789654123.
152,0,Ты звонишь и встречаешься с ним.,ты звонить и встречаться с ним.
153,0,"Нет, нет, я проверю все комнаты перед мероприятиями.","нет, нет, я проверить всё комната перед мероприятиями."
154,0,"Вижу... лениво печатаю... забыла тебя на лекции... видела мешочек, но не очень приятный...","вижу... лениво печатаю... забыть ты на лекции... видеть мешочек, но не очень приятный..."
155,0,"Хорошо, напиши мне, когда будешь в пути","хорошо, написать мне, когда быть в путь"
156,0,"Сэр, ждем вашу почту.","сэр, ждать ваш почту."
157,0,Сладкая мысль: «Никогда не уставай делать мелочи для милых людей..» потому что..иногда эти мелочи занимают большую часть в их сердцах.. спокойной ночи,сладкий мысль: «никогда не устав делать мелочь для милый людей..» потому что..иногда этот мелочь занимать больший часть в они сердцах.. спокойный ночь
158,0,"Я знаю, что это так. Не могли бы вы открыть заднюю часть?","я знаю, что это так. не мочь бы вы открыть задний часть?"
159,0,"Да, увидимся не на месте.","да, увидеться не на месте."
160,0,"Как зовут сотрудников, которые берут у нас уроки?","как звать сотрудников, который брать у мы уроки?"
161,0,"Ummma.will позвонит после регистрации. Наша жизнь начнется с катара, поэтому, пожалуйста, молитесь очень усердно.","ummma.will позвонить после регистрации. наш жизнь начаться с катара, поэтому, пожалуйста, молиться очень усердно."
162,0,"хорошо..я удалил свой контакт, почему?","хорошо..ть удалить свой контакт, почему?"
163,0,Синду устроился на работу в birla soft ..,синод устроиться на работа в birla soft ..
164,0,"Вино течет, и я никогда не...","вино течет, и я никогда не..."
165,0,"Да, я думаю, что кино лучше, потому что нет необходимости спускаться на площадь.","да, я думаю, что кино лучше, потому что нет необходимость спускаться на площадь."
166,0,Хорошо... ваш типичный ответ...,хорошо... ваш типичный ответ...
167,0,"В соответствии с вашим запросом «Melle Melle» был установлен в качестве настроек звонка для всех абонентов. Нажмите *9, чтобы скопировать друзей Callertune","в соответствие с ваш запрос «melle melle» быть установить в качество настройка звонок для весь абонентов. нажать *9, чтобы скопировать друг callertune"
168,0,"Ты везде грязный, на полу, на окнах, даже на моей рубашке. И иногда, когда я открываю рот, ты - все, что выходит наружу. Я мечтаю о своем мире без тебя, тогда половина моих дел тоже закончится. Время радости для меня, много телевизионных шоу, которые я увижу. Но я думаю, как и все, что вы просто должны существовать, как дождь, град и туман, и когда мое время здесь закончится, вы и я станем единым целым.","ты везде грязный, на полу, на окнах, даже на мой рубашке. и иногда, когда я открывать рот, ты - все, что выходить наружу. я мечтать о свой мир без тебя, тогда половина мой дело тоже закончится. время радость для меня, много телевизионный шоу, который я увижу. но я думаю, как и все, что вы просто должный существовать, как дождь, град и туман, и когда мой время здесь закончится, вы и я стать единый целым."
169,0,"Все в порядке, ты на работе?","всё в порядке, ты на работе?"
170,0,Я ухожу из дома.,я уходить из дома.
171,0,"Привет, любовь моя, что ты делаешь? Вы сегодня были на этом интервью? Ты счастлив? Ты хороший мальчик? Ты думаешь обо мне?Ты скучаешь по мне ?","привет, любовь моя, что ты делаешь? вы сегодня быть на это интервью? ты счастлив? ты хороший мальчик? ты думать о мне?т скучать по я ?"
172,1,"Объявление об обслуживании клиентов. Вас ждет новогодняя доставка. Пожалуйста, позвоните 07046744435 сейчас, чтобы договориться о доставке","объявление о обслуживание клиентов. вы ждать новогодний доставка. пожалуйста, позвонить 07046744435 сейчас, чтобы договориться о доставка"
173,1,"Вы являетесь победителем, который был специально выбран для получения £ 1000 наличными или 4* отпуск (рейсы вкл) поговорить с живым оператором, чтобы претендовать 0871277810810","вы являться победителем, который быть специально выбрать для получение £ 1000 наличные или 4* отпуск (рейс вкл) поговорить с живой оператором, чтобы претендовать 0871277810810"
174,0,"Держите себя в безопасности для меня, потому что я нуждаюсь в вас, и я уже скучаю по вам, и я завидую всем, кто видит вас в реальной жизни","держать себя в безопасность для меня, потому что я нуждаться в вас, и я уже скучать по вам, и я завидовать всем, кто видеть вы в реальный жизнь"
175,0,Новый автомобиль и дом для моих родителей. У меня только новая работа в руке:),новый автомобиль и дом для мой родителей. у я только новый работа в руке:)
176,0,"Я так в тебя влюблена. Я взволнован каждый день, который я провожу с тобой. Ты делаешь меня такой счастливой.","я так в ты влюблена. я взволновать каждый день, который я проводить с тобой. ты делать я такой счастливой."
177,0,Я уже поместил все твои очки в один модуль по культуре.,я уже поместить всё твой очки в один модуль по культуре.
178,0,"Привет, друг, какой лучший способ избежать промаха с нашим любимым?","привет, друг, какой хороший способ избежать промах с наш любимым?"
179,0,"Отличный побег. Мне нравится мост, но нужен ее лагер. Увидимся в Томарроу.","отличный побег. я нравиться мост, но нужный она лагер. увидеться в томаров."
180,0,Да :)это совершенно не в форме:)Кларк также полные отходы.,да :)этый совершенно не в форме:)кларк также полный отходы.
181,1,"Сэр, мне нужен номер БАНКОВСКОГО СЧЕТА AXIS и адрес банка.","сэр, я нужный номер банковский чта axis и адрес банка."
182,0,"Хммм... Спасибо, конечно, есть время надеяться... Да, можно пойти бесплатно о... Муз позвонить вам, чтобы обсудить ляо...","хммм... спасибо, конечно, есть время надеяться... да, можно пойти бесплатно о... муза позвонить вам, чтобы обсудить ляо..."
183,0,Во сколько ты придешь позже?,в сколько ты прийти позже?
184,0,"Черт возьми, не могу поверить, что ты забыл мою фамилию, мистер . Я дам вам подсказку, ее испанский и начинается с м...","черта возьми, не мочь поверить, что ты забыть мой фамилию, мистер . я дать вы подсказку, она испанский и начинаться с м..."
185,0,"Ну, я собираюсь закончить свою ванну сейчас. Хорошего вечера.","ну, я собираться закончить свой ванна сейчас. хороший вечера."
186,0,"Дай мне знать, когда у тебя будут деньги, чтобы Карлос мог позвонить","дать я знать, когда у ты быть деньги, чтобы карлос мочь позвонить"
187,0,ты все еще идешь в торговый центр?,ты всё ещё идти в торговый центр?
188,0,"Оказывается, мои друзья остаются на все шоу и не вернутся до ~ &lt;#&gt; , так что не стесняйтесь идти вперед и курить то, что стоит $ &lt;#&gt;","оказывается, мой друг оставаться на всё шоу и не вернуться до ~ &lt;#&gt; , так что не стесняться идти вперёд и курить то, что стоить $ &lt;#&gt;"
189,0,"Напишите ей. Если она не ответит, дайте мне знать, чтобы я мог ее войти в систему","написать ей. если она не ответит, дать я знать, чтобы я мочь она войти в система"
190,0,"Привет! Вы только что говорили с MANEESHA . Мы хотели бы знать, удовлетворены ли вы опытом. Ответить бесплатно с да или нет.","привет! вы только что говорить с maneesha . мы хотеть бы знать, удовлетворить ли вы опытом. ответить бесплатно с да или нет."
191,0,"Ты возвысил мои надежды с предложением денег. Я в нужде. Особенно, когда приближается конец месяца, и это вредит моему обучению. В любом случае, отлично проведите выходные","ты возвысить мой надежда с предложение денег. я в нужде. особенно, когда приближаться конец месяца, и это вредить мой обучению. в любой случае, отлично провести выходной"
192,0,Ты можешь доверять мне.,ты мочь доверять мне.
193,0,я джентльмен и буду относиться к тебе с достоинством и уважением.,я джентльмен и быть относиться к ты с достоинство и уважением.
194,0,"Он будет, ребята, вы близки?","он будет, ребята, вы близки?"
195,0,Ничего хорошего .Пока,ничего хороший .пока
196,0,"Привет, красавчик ! Ты находишь эту работу ? Работаешь над тем, чтобы вернуть эту сеть для мамы ? Где сейчас мой мальчик? Он скучает по мне ?","привет, красавчик ! ты находить этот работа ? работать над тем, чтобы вернуть этот сеть для мама ? где сейчас мой мальчик? он скучать по я ?"
197,0,"Ха-ха, потрясающе, буду через минуту","ха-ха, потрясающе, быть через минута"
198,1,"Пожалуйста, позвоните нашему представителю по обслуживанию клиентов по БЕСПЛАТНОМУ телефону 0808 145 4742 с 9:00 до 23:00, так как вы ВЫИГРАЛИ гарантированную сумму в 1000 рупий или приз в 5000 фунтов стерлингов!","пожалуйста, позвонить наш представитель по обслуживание клиент по бесплатно телефон 0808 145 4742 с 9:00 до 23:00, так как вы выиграть гарантировать сумма в 1000 рупия или приз в 5000 фунт стерлингов!"
199,0,"У вас есть рождественское радио. Если нет, то я получу его сейчас.","у вы есть рождественский радио. если нет, то я получить он сейчас."
200,0,"Я только что добрался домой. Я пойду сначала искупаюсь. Но моя сестра, используя сеть, скажет тебе, когда она закончит к...","я только что добраться домой. я пойти сначала искупать. но мой сестра, использовать сеть, сказать тебе, когда она закончить к..."
201,0,Достаточно ли вы уникальны? Узнайте с 30 августа. www.areyouunique.co.uk,достаточно ли вы уникальны? узнать с 30 августа. www.areyouunique.co.uk
202,0,"Извините, я вступил в лигу людей, которые не поддерживают связь. Ты много значишь для меня. Вы были другом во все времена, даже ценой больших личных затрат. Желаю вам отличной недели.","извините, я вступить в лига людей, который не поддерживать связь. ты много значить для меня. вы быть друг в всё времена, даже цена больший личный затрат. желать вы отличный недели."
203,0,Привет :)наконец-то я закончил курс:),привет :)наконец-то я закончить курс:)
204,0,"Он остановится сам по себе. Тем не менее, я предлагаю ей остаться с кем-то, кто сможет дать ОРС за каждый стул.","он остановиться сам по себе. тем не менее, я предлагать она остаться с кем-то, кто смочь дать рс за каждый стул."
205,0,"Как дела? Надеемся, что вы освоились в новом учебном году. Просто желаю тебе отличного дня","как дела? надеемся, что вы освоиться в новый учебный году. просто желать ты отличный день"
206,0,"Доброе утро, дорогой, хороший день.","добрый утро, дорогой, хороший день."
207,0,У вас есть эта история о людях?,у вы есть этот история о людях?
208,0,"ваш хомяк мертв? Привет, Томаро. Встретимся в 13:00 в Фруктовом саду?","ваш хомяк мертв? привет, томазо. встретиться в 13:00 в фруктовый саду?"
209,0,"Здравствуйте, это Кейт, как ваш вечер? Я надеюсь, что увижу тебя завтра, но мне нужно в детский сад! Напишите, если сможете. :)","здравствуйте, это кейт, как ваш вечер? я надеюсь, что увидеть ты завтра, но я нужно в детский сад! напишите, если сможете. :)"
210,0,"Нашли, ENC  &lt;#&gt; , где вы?","нашли, enc &lt;#&gt; , где вы?"
211,0,Я послал вам  &lt;#&gt;  баксов,я послать вы &lt;#&gt; бакс
212,0,"Здравствуйте, дорогой, я закончил колледж, поэтому напишите мне, когда закончите, если вы можете любить Кейт XXX.","здравствуйте, дорогой, я закончить колледж, поэтому написать мне, когда закончите, если вы мочь любить кейт xxx."
213,0,Ваша учетная запись была успешно пополнена INR  &lt;DECIMAL&gt; . Ваш остаток на предоплаченном счете KeralaCircle составляет &lt;DECIMAL&gt; рупий. Ваш ID транзакции - KR &lt;#&gt; .,ваш учётный запись быть успешно пополнить inr &lt;decimal&gt; . ваш остаток на предоплатить счёт keralacircle составлять &lt;decimal&gt; рупий. ваш id транзакция - kr &lt;#&gt; .
214,0,"Доброе утро, спящий таран.","добрый утро, спать таран."
215,0,"ты звонишь мне в 11, хорошо.","ты звонить я в 11, хорошо."
216,0,"ты говоришь до тех пор, пока я не сделаю купить ericsson oso не может oredi лар...","ты говорить до тот пор, пока я не сделать купить ericsson oso не мочь oredi лар..."
217,0,"Когда я вошел в свою каюту, мой помощник сказал: «Счастливого B'day Boss !!». Я чувствовал себя особенным. Она попросила меня 4 обеда. После обеда она пригласила меня в свою квартиру. Мы пошли туда.","когда я войти в свой каюту, мой помощник сказал: «счастливый b'day boss !!». я чувствовать себя особенным. она попросить я 4 обеда. после обед она пригласить я в свой квартиру. мы послать туда."
218,0,"Добрый день, датский гетеросексуал","добрый день, датский гетеросексуал"
219,0,"Пожалуйста, дайте нам соединение сегодня до  &lt;DECIMAL&gt;  или верните счет","пожалуйста, дать мы соединение сегодня до &lt;decimal&gt; или вернуть счёт"
220,0,"Оба, я стреляю большими грузами, так что готовьтесь!","оба, я стрелять больший грузами, так что готовьтесь!"
221,0,"Что случилось, брат, надеюсь, у тебя был отличный перерыв. Получите вознаграждение за семестр.","что случилось, брат, надеюсь, у ты быть отличный перерыв. получить вознаграждение за семестр."
222,0,"Домой, чтобы мы всегда могли пообщаться","домой, чтобы мы всегда мочь пообщаться"
223,0,Хорошо:) хорошо учитесь.,хорошо:) хорошо учитесь.
224,0,Да... как ты но лех...,да... как ты но лех...
225,0,Звучит здорово! Ты уже дома?,звучать здорово! ты уже дома?
226,0,"Наконец, матч, направленный к ничьей, как ваш прогноз.","наконец, матч, направить к ничьей, как ваш прогноз."
227,0,Я не выспался за последние несколько ночей.,я не выспаться за последний несколько ночей.
228,0,Easy ah?sen получил выбран означает его хорошо..,easy ah?sen получить выбрать означать он хорошо..
229,0,Я должен сдать экзамен с 3 марта,я должный сдать экзамен с 3 март
230,0,"Думаю, ты можешь использовать свой gt atm, чтобы зарегистрироваться. Не уверен, но если есть в любом случае я могу помочь, дайте мне знать. Но когда вы будете уверены, что вы готовы.","думаю, ты мочь использовать свой gt atm, чтобы зарегистрироваться. не уверен, но если есть в любой случай я мочь помочь, дать я знать. но когда вы быть уверены, что вы готовы."
231,0,Не торопитесь.,не торопитесь.
232,0,"Существует os под названием ubandu, который будет работать без установки на жесткий диск...вы можете использовать этот os для копирования важных файлов в системе и передачи их в мастерскую по ремонту..","существовать os под название ubandu, который быть работать без установка на жёсткий диск...в мочь использовать этот os для копирование важный файл в система и передача они в мастерская по ремонту.."
233,0,"Извините, я позвоню позже.","извините, я позвонить позже."
234,0,"Жизнь строже, чем учитель... Потому что учитель преподает урок, а затем проводит экзамен, но жизнь сначала проводит экзамен, а затем преподает уроки. Счастливого утра. . .","жизнь строже, чем учитель... потому что учитель преподавать урок, а затем проводить экзамен, но жизнь сначала проводить экзамен, а затем преподавать уроки. счастливый утра. . ."
235,0,"Доброе утро, только я проснулся.","добрый утро, только я проснулся."
236,0,Спуститесь в Гандипурам и пройдите по пересеченной дороге. Справа &lt;#&gt; улица и поверните сначала направо.,спуститься в гандипур и пройти по пересечь дороге. справа &lt;#&gt; улица и повернуть сначала направо.
237,0,"Дорогой, мы едем на наше резиновое место.","дорогой, мы ехать на наш резиновый место."
238,0,"Извините, батарейка сдохла, да, я здесь.","извините, батарейка сдохла, да, я здесь."
239,0,Да:)здесь телевизор всегда доступен на рабочем месте.,да:)здесь телевизор всегда доступный на рабочий месте.
240,0,"Я его напечатал ох. Итак, &lt;#&gt;  поднимитесь наверх","я он напечатать ох. итак, &lt;#&gt; подняться наверх"
241,0,"Или быть немного ближе, как на автобусной остановке на той же улице","или быть немного ближе, как на автобусный остановка на тот же улица"
242,0,Где вы находитесь? когда вы доберетесь сюда?,где вы находитесь? когда вы добраться сюда?
243,0,"Новая теория: аргумент выигрывает СИТУАЦИЮ, но теряет ЧЕЛОВЕКА. Так что не спорьте со своими друзьями просто. пните их и скажите, я всегда прав.!","новый теория: аргумент выигрывать ситуацию, но терять человека. так что не спорить с свой друг просто. пнуть они и скажите, я всегда прав.!"
244,0,"Окончательное слушание по делу моего ноутбука, так что я не могу.","окончательный слушание по дело мой ноутбука, так что я не могу."
245,0,"ПОЖАЛУЙСТА, СКАЖИТЕ мне, ЧТО ВЫ ХОТИТЕ СДЕЛАТЬ SPORTSX","пожалуйста, сказать мне, то в хотеть делать sportsx"
246,0,"Нет, нет, просто светит. Это должно было быть подписано, но это звучит лучше.","нет, нет, просто светит. это должный быть быть подписано, но это звучать лучше."
247,0,"Хотя я говорил тебе, что мне нравятся большие часы, но мне очень нравятся электронные часы, которые ты дал, потому что это от тебя. Спасибо за все, что вы сделали сегодня, я тронут...","хотя я говорить тебе, что я нравиться больший часы, но я очень нравиться электронный часы, который ты дал, потому что это от тебя. спасибо за все, что вы сделать сегодня, я тронут..."
248,0,ты не помнишь тот старый рекламный ролик?,ты не помнить тот старый рекламный ролик?
249,0,"Слишком поздно. Я сказал, что у меня есть сайт. Тапочек у меня не было и нет.","слишком поздно. я сказал, что у я есть сайт. шапочка у я не быть и нет."
250,0,"Я попросил тебя позвонить ему сейчас, хорошо.","я попросить ты позвонить он сейчас, хорошо."
251,0,Каллис не будет битой во 2-х иннингах.,каллиса не быть битый в 2-й иннингах.
252,0,"Опять не сработало. Хорошо, спокойной ночи. Я починю и подготовлю его к тому времени, когда ты проснешься. Вам очень не хватает хорошего ночного сна.","опять не сработало. хорошо, спокойный ночи. я починить и подготовить он к тот времени, когда ты проснешься. вы очень не хватать хороший ночной сна."
253,1,"Поздравляем, вы получили 500 ваучеров CD или 125gift гарантированный и бесплатный вход на 100 wkly draw txt MUSIC to 87066 TnCs www.Ldew.com1win150ppmx3age16","поздравляем, вы получить 500 ваучер cd или 125gift гарантировать и бесплатный вход на 100 wkly draw txt music to 87066 tncs www.ldew.com1win150ppmx3age16"
254,0,Ranjith cal drpd Deeraj и deepak пять минут ожидания.,ranjith cal drpd deeraj и deepak пять минута ожидания.
255,0,"Когда ваши милые стали сердитыми, не принимайте это всерьез... потому что злиться - это самый детский и истинный способ проявить глубокую привязанность, заботу и любовь!.. kettoda manda... Хорошего дня да.","когда ваш милый стать сердитыми, не принимать это всерьез... потому что злиться - это самый детский и истинный способ проявить глубокий привязанность, забота и любовь!.. kettoda manda... хороший день да."
256,0,Что ты делаешь?,что ты делаешь?
257,0,"UPS, который также составляет три дня, и судоходная компания, которая занимает две недели. Другой способ - это usps, который занимает неделю, но когда он отстает, вам, возможно, придется подкупить nipost, чтобы получить свои вещи.","ups, который также составлять три дня, и судоходный компания, который занимать два недели. другой способ - это usps, который занимать неделю, но когда он отстает, вам, возможно, прийтись подкупить nipost, чтобы получить свой вещи."
258,0,"Я вернулась, дайте мне знать, когда вы будете готовы.","я вернулась, дать я знать, когда вы быть готовы."
259,0,"Не обязательно ожидать, что это будет сделано, прежде чем вы вернетесь, хотя, потому что я только сейчас ухожу.","не обязательно ожидать, что это быть сделано, прежде чем вы вернетесь, хотя, потому что я только сейчас ухожу."
260,0,"Ммм, так вкусно, детка ... милая встряска для Сюзи.","ммм, так вкусно, детка ... милый встряска для сюзи."
261,0,"Где ты, любовник? Ты мне нужен.","где ты, любовник? ты я нужен."
262,1,"Мы попытались связаться с вами, если вы ответите на наше предложение видеотелефона? 750 в любое время сети минут? НЕОГРАНИЧЕННЫЙ ТЕКСТ? Видеокамера?","мы попытаться связаться с вами, если вы ответить на наш предложение видеотелефона? 750 в любой время сеть минут? неограниченный текст? видеокамера?"
263,0,"Я припаркован рядом с МИНИ!!!! Когда вы приедете сегодня, как вы думаете?","я припарковать рядом с мини!!!! когда вы приехать сегодня, как вы думаете?"
264,0,Ага,ага
265,0,"В любом случае, я пойду по магазинам одна, потому что моя сестра еще не закончила. Не мешай тебе, Ляо.","в любой случае, я пойти по магазин одна, потому что мой сестра ещё не закончила. не мешать тебе, ляо."
266,0,"МОЙ НЕТ. В ЛУТОН 0125698789 ПОЗВОНИТЕ МНЕ, ЕСЛИ ВАШ ВОКРУГ!","мой нет. в лут 0125698789 позвонить не, если аш округ!"
267,1,"Привет, я очень возбужден, хочу поболтать или увидеть меня голым текст горячий текст 69698, заряженный в 15:00, чтобы отписаться от текстового стопа 69698.","привет, я очень возбужден, хотеть поболтать или увидеть я голый текст горячий текст 69698, зарядить в 15:00, чтобы отписаться от текстовый стоп 69698."
268,0,Почему ты не пошел с нами?,почему ты не пойти с нами?
269,0,Тогда Вана планирует поездку.,тогда ван планировать поездку.
270,0,"Пока не уверен, все еще пытаюсь связаться с ним.","пока не уверен, всё ещё пытаться связаться с ним."
271,1,"ваш рингтон изменился! 25 бесплатных кредитов! Перейдите на club4mobiles.com, чтобы выбрать контент сейчас! Стоп?","ваш рингтон изменился! 25 бесплатный кредитов! перейти на club4mobiles.com, чтобы выбрать контент сейчас! стоп?"
272,0,Эво. Мне просто нужно было скачать флэш. Ревнуешь?,эво. я просто нужно быть скачать флэш. ревнуешь?
273,1,Ringtone Club: Получите британский чарт синглов на своем мобильном телефоне каждую неделю и выберите любой высококачественный рингтон! Это сообщение является бесплатным.,ringtone club: получить британский чарт сингл на свой мобильный телефон каждый неделя и выбрать любой высококачественный рингтон! это сообщение являться бесплатным.
274,0,"Приходите ко мне, мы разбираемся с ситуацией с наркотиками.","приходить к мне, мы разбираться с ситуация с наркотиками."
275,0,"Ночь закончилась для другого дня, утро пришло особым образом. Пусть вы улыбаетесь, как солнечные лучи, и оставляете свои заботы в голубой синей бухте.","ночь закончиться для другой дня, утро прийти особый образом. пусть вы улыбаетесь, как солнечный лучи, и оставлять свой забота в голубой синь бухте."
276,0,"Полезно, наверное, взять одну машину.","полезно, наверное, взять один машину."
277,0,"Без возражений, мой парень не придет.","без возражений, мой парень не придет."
278,0,Thanx,thanx
279,0,"Скажите Робу, чтобы он выманил свою девушку в театре.","сказать робу, чтобы он выманить свой девушка в театре."
280,0,"Отлично, увидимся позже.","отлично, увидеться позже."
281,0,Так какую еду ты любишь?,так какой еда ты любишь?
282,0,Все готово? Празднование в самом разгаре?,всё готово? празднование в сам разгаре?
283,0,Тебя называли инструментом?,ты называть инструментом?
284,0,"Когда вы скучаете по кому-то, этот человек определенно особенный для вас. Но если человек такой особенный, зачем его пропускать, просто держи в руках добрый вечер.","когда вы скучать по кому-то, этот человек определённо особенный для вас. но если человек такой особенный, зачем он пропускать, просто держать в рука добрый вечер."
285,0,"Ладно, я попросил денег, как далеко.","ладно, я попросить денег, как далеко."
286,0,Окей.,окей.
287,0,"Да, я думаю, что мой обычный парень все еще без сознания со вчерашнего вечера, если вы свяжетесь с кем-нибудь, дайте мне знать, и я брошу вниз","да, я думаю, что мой обычный парень всё ещё без сознание с вчерашний вечера, если вы связаться с кем-нибудь, дать я знать, и я бросить вниз"
288,0,"хорошо, я могу прийти ночью, если мой класс выйдет рано.","хорошо, я мочь прийти ночью, если мой класс выйти рано."
289,0,"привет, детка, им круиз с моей подругой, что ты задумал? позвони мне и час дома, если это нормально, или позвони мне на этот тон, теперь любишь Дженни XXX.","привет, детка, они круиз с мой подругой, что ты задумал? позвонить я и час дома, если это нормально, или позвонить я на этот тон, теперь любить дженни xxx."
290,0,"Моя жизнь много значит для меня не потому, что я люблю свою жизнь, а потому, что я люблю людей в своей жизни, мир называет их друзьями, я называю их своим миром.","мой жизнь много значит для я не потому, что я любить свой жизнь, а потому, что я любить человек в свой жизни, мир называть они друзьями, я называть они свой миром."
291,0,"Уважаемый, отправит письмо на night.busy на улице, обновит вас сегодня вечером. Вещи выглядят хорошо .varunnathu edukkukayee raksha ollu.but хороший в реальном смысле.","уважаемый, отправить письмо на night.busy на улице, обновить вы сегодня вечером. вещь выглядеть хорошо .varunnathu edukkukayee raksha ollu.but хороший в реальный смысле."
292,0,"Эй, ты сказал свое имя Гаутхаму?","эй, ты сказать свой имя гаутаму?"
293,0,я чувствую себя таким глупым.,я чувствовать себя такой глупым.
294,0,"Упс. за то, что получил этот кусочек.","упс. за то, что получить этот кусочек."
295,0,У тебя так шумно.,у ты так шумно.
296,0,"Я случайно удалил сообщение. Повторите, пожалуйста.","я случайно удалить сообщение. повторите, пожалуйста."
297,0,"Если только это не та ситуация, КОГДА GO GURL будет более подходящим","если только это не тот ситуация, год go gurl быть более подходящий"
298,0,"Заставь меня плакать... но в конце моей жизни, когда я умру, пожалуйста, держи одну розу на моей могиле и скажи ГЛУПОСТЬ, я СКУЧАЮ ПО ТЕБЕ... ХОРОШЕГО ДНЯ.","заставить я плакать... но в конец мой жизни, когда я умру, пожалуйста, держать один роза на мой могила и сказать глупость, я куча по ее... хороший ня."
299,0,Я не могу выбрать телефон прямо сейчас. Пожалуйста и сообщение,я не мочь выбрать телефон прямо сейчас. пожалуйста и сообщение
300,0,"Нужен томографический кофе? Не могу поверить, что это уже время недели","нужный томографический кофе? не мочь поверить, что это уже время неделя"
301,0,"Потрясающе, я помню, как в последний раз мы получили кого-то высокого в первый раз с дизельным топливом.","потрясающе, я помню, как в последний раз мы получить кто-то высокий в первый раз с дизельный топливом."
302,0,"Черт, что действительно шокирует и пугает, не могу представить ни на секунду. Определитесь на ночь. Думаешь, я мог бы где-то ночевать, сэкономить на такси?","черт, что действительно шокировать и пугает, не мочь представить ни на секунду. определиться на ночь. думаешь, я мочь бы где-то ночевать, сэкономить на такси?"
303,0,"И, кстати, у вас в холодильнике больше еды! Хочешь пойти поужинать сегодня вечером?","и, кстати, у вы в холодильник большой еды! хотеть пойти поужинать сегодня вечером?"
304,0,Он замечательный актер.,он замечательный актер.
305,0,"Ага... Из того, что я помню... Я думаю, что должно быть можно забронировать...","ага... из того, что я помню... я думаю, что должный быть можно забронировать..."
306,0,"Просто спроси, не хочешь ли встретиться?","просто спроси, не хотеть ли встретиться?"
307,0,"Лол да. Наша дружба висит на волоске, потому что вы не будете покупать вещи.","лола да. наш дружба висеть на волоске, потому что вы не быть покупать вещи."
308,1,"TheMob> Ознакомьтесь с нашим новейшим выбором контента, игр, тонов, сплетен, детки и спорта, держите свой мобильный приспосабливаться и фанки текст WAP на 82468.","themob> ознакомиться с наш новый выбор контента, игр, тонов, сплетен, ребёночек и спорта, держать свой мобильный приспосабливаться и фанк текст wap на 82468."
309,0,Где ключи от гаража? Их нет на книжной полке.,где ключ от гаража? они нет на книжный полке.
310,0,Сегодня ДЕНЬ ПРИНЯТИЯ. Примите меня как? Брат Сестра Любитель Dear1 Best1 Clos1 Lvblefrnd Jstfrnd Cutefrnd Lifpartnr Belovd Swtheart Bstfrnd Нет rply значит враг,сегодня день принятия. принять я как? брат сестра любитель dear1 best1 clos1 lvblefrnd jstfrnd cutefrnd lifpartnr belovd swtheart bstfrnd нет rply значит враг
311,1,"Думаете, что вы умны? Выиграйте 200 фунтов стерлингов на этой неделе в нашем еженедельном тесте, текстовое ВОСПРОИЗВЕДЕНИЕ на 85222 прямо сейчас!T&Cs WinnersClub PO BOX 84, M26 3UZ. 16+. GBP1,50/неделя","думаете, что вы умны? выиграть 200 фунт стерлинг на этот неделя в наш еженедельный тесте, текстовый воспроизведение на 85222 прямо сейчас!t&cs winnersclub po box 84, m26 3uz. 16+. gbp1,50/неделить"
312,0,"Он говорит, что позвонит мне, когда его друг получит деньги, но что он определенно купит до конца недели.","он говорит, что позвонить мне, когда он друг получить деньги, но что он определённо купить до конец недели."
313,0,"Здравствуйте, как я был с вами сегодня, это нормальный путь и это настоящий я. вы уникальны и я надеюсь, что я знаю вас до конца моей жизни. Надежда, что ты не найдешь, была потеряна.","здравствуйте, как я быть с вы сегодня, это нормальный путь и это настоящий я. вы уникальный и я надеюсь, что я знать вы до конец мой жизни. надежда, что ты не найдешь, быть потеряна."
314,0,Ты сделал мой день. У вас тоже будет отличный день.,ты сделать мой день. у вы тоже быть отличный день.
315,0,"хорошо, вперед, счастливый понгал.","хорошо, вперед, счастливый понгал."
316,0,"Хммм... Полагаю, мы можем пойти на kb и power yoga.Haha, не знаю, мы можем тахан power yoga другой... Спасибо, что отпустил, забыл.","хммм... полагаю, мы мочь пойти на kb и power yoga.haha, не знаю, мы мочь таран power yoga другой... спасибо, что отпустил, забыл."
317,0,"Не совсем чувак, у меня нет друзей, боюсь.","не совсем чувак, у я нет друзей, боюсь."
318,0,"Кофейный пирог, наверное.","кофейный пирог, наверное."
319,0,"Счастливого Рождества тебе, детка, я люблю тебя.","счастливый рождество тебе, детка, я любить тебя."
320,0,Эй... почему бы нам просто не пойти посмотреть на Людей Икс и пообедать... ха-ха.,эй... почему бы мы просто не пойти посмотреть на человек икс и пообедать... ха-ха.
321,0,"не могли бы вы сказать людям, что я буду немного опаздывать, потому что автобусы прошли мимо, потому что они были полны, и я все еще жду в 4 1. Пит x.","не мочь бы вы сказать людям, что я быть немного опаздывать, потому что автобус пройти мимо, потому что они быть полны, и я всё ещё ждать в 4 1. пит x."
322,0,Было бы здорово. Мы будем в Гильдии. Может встретимся на Бристольской дороге или где-нибудь - свяжемся на выходных. Наши планы - летать! Хорошей недели,быть бы здорово. мы быть в гильдии. мочь встретиться на бристольский дорога или где-нибудь - связаться на выходных. наш план - летать! хороший неделя
323,0,"Без проблем, как дела?","без проблем, как дела?"
324,0,Нет звонков..сообщений..пропущенных звонков.,нет звонков..сообщений..пропущенный звонков.
325,0,"Здравствуйте, да:)Как проходит сегодняшнее занятие?","здравствуйте, да:)как проходить сегодняшний занятие?"
326,0,"Я бы сказал, что это хороший знак, но, ну, вы знаете мой послужной список в чтении женщин.","я бы сказал, что это хороший знак, но, ну, вы знать мой послужной список в чтение женщин."
327,0,"Круто, напиши мне, когда будешь припаркован.","круто, написать мне, когда быть припаркован."
328,0,"Я читаю смс, что только что послал тебе, это должно быть шуткой. Так что читайте в этом свете.","я читать смс, что только что послать тебе, это должный быть шуткой. так что читать в это свете."
329,0,"Может быть, я мог бы получить книгу завтра, а затем вернуть ее немедленно ...? Или что-то.","мочь быть, я мочь бы получить книга завтра, а затем вернуть она немедленно ...? или что-то."
330,1,Специальное предложение ко Дню святого Валентина! Выиграйте более 1000 фунтов стерлингов в нашей викторине и отправляйтесь со своим партнером в путешествие на всю жизнь! Отправьте GO на 83600 сейчас. Получено 150p/msg. CustCare:08718720201.,специальный предложение к день святой валентина! выиграть более 1000 фунт стерлинг в наш викторин и отправляться с свой партнёр в путешествие на весь жизнь! отправить go на 83600 сейчас. получить 150p/msg. custcare:08718720201.
331,0,"Та-Даааааа! Я дома, детка, ты еще не спишь ?","та-ааааааа! я дома, детка, ты ещё не спать ?"
332,0,Так почему ты раньше не ужинал?,так почему ты ранний не ужинал?
333,0,Просто спит...и занимается серфингом.,просто спит...ь заниматься серфингом.
334,0,ты правильно меня называешь? Позвони мне по телефону...,ты правильно я называешь? позвонить я по телефону...
335,0,"Хорошо, большое спасибо.","хорошо, большой спасибо."
336,0,"Я так понимаю, что пост уже пришел! У вас должны быть тысячи текстов сейчас! Приятного чтения. Мой любимый от wiv hello caroline в конце. Благослови его","я так понимаю, что пост уже пришел! у вы должный быть тысяча текст сейчас! приятный чтения. мой любимый от wiv hello caroline в конце. благословить он"
337,0,Где ты прятал незнакомца?,где ты прятать незнакомца?
338,0,Мне не интересно это делать.,я не интересно это делать.
339,0,Моя сестра вчера расчистила два раунда в бирле мягкой.,мой сестра вчера расчистить два раунд в биржа мягкой.
340,0,Спокойной ночи...возьми...тренируйся.,спокойный ночи...возьми...тренируйся.
341,0,"я только что видел твою почту. Если Хуймин не прислал тебе мой номер, это мой номер.","я только что видеть твой почту. если хунмина не прислать ты мой номер, это мой номер."
342,0,Небольшая проблема престижа.,небольшой проблема престижа.
343,0,"Просто проверяю, как ты. Очень скучаю по Иеремии. Пусть будет прекрасный месяц.","просто проверяю, как ты. очень скучать по премии. пусть быть прекрасный месяц."
344,0,"Ничем не могу помочь, у меня никогда не было iPhone.","ничто не мочь помочь, у я никогда не быть iphone."
345,0,"Если тебя не будет в моей машине через полтора часа, я пойду на хер.","если ты не быть в мой машина через полтора часа, я пойти на хер."
346,0,"СЕГОДНЯ день извинений! Если я когда-либо сердился на тебя, если я когда-либо плохо себя вел или причинил тебе боль? пожалуйста, ПРОСТО ДАЙ СЕБЕ ПОЩЕЧИНУ, потому что это твоя вина, я в основном ХОРОШ.","сегодня день извинений! если я когда-либо сердиться на тебя, если я когда-либо плохо себя вести или причинить ты боль? пожалуйста, росто ай она пощечину, потому что это твой вина, я в основное хор."
347,0,"Ребята, вы когда-нибудь выясняли, сколько нам нужно алкоголя? Мы с Джеем пытаемся выяснить, сколько мы можем безопасно потратить на травку.","ребята, вы когда-нибудь выясняли, сколько мы нужно алкоголя? мы с джей пытаться выяснить, сколько мы мочь безопасно потратить на травку."
348,0,&lt;#&gt; ISH MINUTES WAS five MINUTES AGO. WTF.,&lt;#&gt; ish minutes was five minutes ago. wtf.
349,0,"Спасибо за звонок. Забыл сказать Happy Onam вам Sirji. Я здесь в порядке и вспомнил вас, когда встретил страхового человека. Встречайте вас в Катаре Insha Allah.Rakhesh, ex Tata AIG, который присоединился к TISSCO,Tayseer.","спасибо за звонок. забыть сказать happy onam вы sirji. я здесь в порядок и вспомнить вас, когда встретить страховой человека. встречать вы в катар insha allah.rakhesh, ex tata aig, который присоединиться к tissco,tayseer."
350,1,Поздравляем вас с получением 500 CD ваучеров или 125gift Guaranteed & Free entry 2 100 wkly draw txt MUSIC to 87066 TnCs www.Ldew.com1win150ppmx3age16,поздравлять вы с получение 500 cd ваучер или 125gift guaranteed & free entry 2 100 wkly draw txt music to 87066 tncs www.ldew.com1win150ppmx3age16
351,1,"у вас есть денежный баланс в настоящее время 500 INR - чтобы максимизировать ваши наличные деньги, отправьте НАЛИЧНЫЕ на 86688 только 150p/msg. CC: 08708800282 HG/Suite342/2Lands Row/W1J6HL","у вы есть денежный баланс в настоящий время 500 inr - чтобы максимизировать ваш наличный деньги, отправить личный на 86688 только 150p/msg. cc: 08708800282 hg/suite342/2lands row/w1j6hl"
352,0,"Я актер. Когда я работаю, я работаю по вечерам и сплю допоздна. Так как я безработный в данный момент, я ВСЕГДА сплю допоздна. Когда вы безработный, каждый день - суббота.","я актер. когда я работаю, я работать по вечер и спать допоздна. так как я безработный в данный момент, я всегда спать допоздна. когда вы безработный, каждый день - суббота."
353,0,"Здравствуйте! Только что приехал, Сент-Эндрюс-Мальчик это долгий путь! Я буду держать вас в курсе.","здравствуйте! только что приехал, сент-эндрюс-мальчик это долгий путь! я быть держать вы в курсе."
354,0,"Ха-ха, круто, круто, чикку, чикку.","ха-ха, круто, круто, читку, читку."
355,0,"О, хорошо, нет проб..","о, хорошо, нет проб.."
356,0,Проверьте состояние Одри прямо сейчас.,проверить состояние одри прямо сейчас.
357,0,"Пытаюсь закончить к Новому году. Я с нетерпением жду, наконец, встречи с вами.","пытаться закончить к новый году. я с нетерпение жду, наконец, встреча с вами."
358,0,"Добрый день, солнышко! Как рассветает этот день ? Освежились ли мы и счастливы ли мы быть живыми? Мы дышим воздухом и улыбаемся ? Я думаю о тебе, моя любовь ... Как всегда","добрый день, солнышко! как рассветать этот день ? светиться ли мы и счастливый ли мы быть живыми? мы дышать воздух и улыбаться ? я думать о тебе, мой любовь ... как всегда"
359,0,"Ну, я знаю, что Z позаботится обо мне. Так что не беспокойтесь.","ну, я знаю, что z позаботиться о мне. так что не беспокойтесь."
360,0,"Круто, напиши мне, когда будешь готов.","круто, написать мне, когда быть готов."
361,0,"Привет, мой мальчик. Боже, я уже скучаю по тебе, и я только что проснулся. Хотел бы я, чтобы ты была здесь, в постели со мной, обнимая меня. Я люблю тебя ...","привет, мой мальчик. боже, я уже скучать по тебе, и я только что проснулся. хотеть бы я, чтобы ты быть здесь, в постель с мной, обнимать меня. я любить ты ..."
362,0,Я буду портить тебя и в постели.,я быть портить ты и в постели.
363,0,"Я иду в баню, напишу вам в следующий  &lt;#&gt;  мин..","я идти в баню, написать вы в следующий &lt;#&gt; мин.."
364,0,"Я не могу продолжать разговаривать с людьми, если не уверен, что смогу заплатить им, если они согласятся на цену. Поэтому, пожалуйста, скажите мне, что вы действительно хотите купить и сколько вы готовы заплатить.","я не мочь продолжать разговаривать с людьми, если не уверен, что смочь заплатить им, если они согласиться на цену. поэтому, пожалуйста, сказать мне, что вы действительно хотеть купить и сколько вы готовый заплатить."
365,1,"Спасибо за ваш заказ рингтона, ссылка T91. С вас будет взиматься 4 фунта стерлингов в неделю. Вы можете отказаться от подписки в любое время, позвонив в службу поддержки клиентов по телефону 09057039994.","спасибо за ваш заказ рингтона, ссылка t91. с вы быть взиматься 4 фунт стерлинг в неделю. вы мочь отказаться от подписка в любой время, позвонить в служба поддержка клиент по телефон 09057039994."
366,0,"Вы можете сказать, что произошло.","вы мочь сказать, что произошло."
367,0,Ты мог бы меня увидеть...Я не узнал тебя.,ты мочь бы я увидеть...ть не узнать тебя.
368,0,"Ну, в Линдси не так много всего происходит на Новый год *вздохи* Некоторые бары в Ptbo и синяя цапля что-то происходит","ну, в линдсить не так много весь происходить на новый год *вздохи* некоторый бар в ptbo и синий цапля что-то происходить"
369,0,"Держите мою пайасам там, если Рину принесет.","держать мой пайса там, если рина принесет."
370,0,"Я учил, что Ранджит сэр звонил мне. Только смс такие. Потому что он проверяет проект. Прабу сказал сегодня, чтобы только не ошибался.","я учил, что бандит сэр звонить мне. только смс такие. потому что он проверять проект. право сказать сегодня, чтобы только не ошибался."
371,0,"Наверное, поэтому ты беспокоишься. Вы должны знать, что есть способ, которым тело самовосстанавливается. И я уверен, что тебе не стоит волноваться. Мы будем делать это медленно. Сначала тесты, они будут направлять, когда ваша овуляция затем просто расслабиться. Ничего из того, что вы сказали, не является поводом для беспокойства, но я буду продолжать следить за вами.","наверное, поэтому ты беспокоишься. вы должный знать, что есть способ, который тело самовосстанавливается. и я уверен, что ты не стоить волноваться. мы быть делать это медленно. сначала тесты, они быть направлять, когда ваш овуляция затем просто расслабиться. ничего из того, что вы сказали, не являться повод для беспокойства, но я быть продолжать следить за вами."
372,0,"Да, конечно, дай мне пару минут, чтобы отследить мой бумажник.","да, конечно, дать я пара минут, чтобы отследить мой бумажник."
373,0,"Эй, оставь это. Ничего страшного. Береги себя.","эй, оставить это. ничего страшного. беречь себя."
374,0,"Эй, я опоздаю ах... Встретимся в 945+.","эй, я опоздать ах... встретиться в 945+."
375,1,"Двойные минуты и текстовые сообщения в течение шести месяцев БЕСПЛАТНО Bluetooth на Orange. Доступно на телефонах Sony, Nokia Motorola. Позвоните MobileUpd8 по телефону 08000839402 или call2optout/N9DX","двойной минута и текстовый сообщение в течение шесть месяц бесплатно bluetooth на orange. доступно на телефон sony, nokia motorola. позвонить mobileupd8 по телефон 08000839402 или call2optout/n9dx"
376,0,Мистеру Сове потребовалось три облизывания.,мистер сова потребоваться три облизывания.
377,0,"Клиентское место, я позвоню вам.","клиентский место, я позвонить вам."
378,0,"Это значит, что ты не любишь веселья.","это значит, что ты не любить веселья."
379,1,"четыре месяца половина цены Оранжевая линия прокат и последние телефоны камеры 4 БЕСПЛАТНО. Ваш телефон был 11-метровым ? Позвоните MobilesDirect бесплатно по телефону 08000938767, чтобы обновить сейчас.","четыре месяц половина цена оранжевый линия прокат и последний телефон камера 4 бесплатно. ваш телефон быть 11-метровый ? позвонить mobilesdirect бесплатно по телефон 08000938767, чтобы обновить сейчас."
380,0,"Да, у меня сейчас обед в буфете. Ты уже ешь?","да, у я сейчас обед в буфете. ты уже ешь?"
381,0,Так поздно... на ужин?,так поздно... на ужин?
382,0,"Эй, так это сидел мы собираемся только для вводного пилатеса? Или кикбоксинг тоже?","эй, так это сидеть мы собираться только для вводный пилатеса? или кикбоксинг тоже?"
383,0,Утром только я могу.,утром только я могу.
384,0,"Да, я так думаю. Я нахожусь в офисе, но мой круг находится в комнате, я думаю, что это в течение последних нескольких дней. Я не закрывал его.","да, я так думаю. я находиться в офисе, но мой круг находиться в комнате, я думаю, что это в течение последний несколько дней. я не закрывать его."
385,0,Забрать тебя в 7.30? Который час и что происходит?,забрать ты в 7.30? который час и что происходит?
386,0,Отсюда после Награда за производительность рассчитывается каждые два месяца .Не за текущий период в один месяц.,отсюда после награда за производительность рассчитываться каждый два месяц .не за текущий период в один месяц.
387,0,"На самом деле спал и все еще спал, когда ты перезвонил. Так что текст - это здорово. Сестра-рок, я пришлю тебе смс, когда проснусь.","на сам дело спасть и всё ещё спал, когда ты перезвонил. так что текст - это здорово. сестра-рок, я прислать ты смс, когда проснусь."
388,0,"Вы всегда вкладываете туда свой бизнес. Ты выкладываешь фотографии своей задницы в фейсбук. Ты один из самых открытых людей, которых я когда-либо встречал. Почему я думаю, что фотография вашей комнаты причинит вам боль, заставит вас чувствовать себя оскорбленным.","вы всегда вкладывать туда свой бизнес. ты выкладывать фотография свой задница в фейсбук. ты один из самый открытый людей, который я когда-либо встречал. почему я думаю, что фотография ваш комната причинить вы боль, заставить вы чувствовать себя оскорбленным."
389,0,"Добрый вечер, сэр, Al Salam Wahleykkum.sharing радостная новость. По милости Божьей, я получил предложение от Tayseer, TISSCO и я присоединился. Надеюсь, вы в порядке .Иншах Аллах,встретьте вас когда-нибудь .Рахеш,посетитель из Индии.","добрый вечер, сэр, al salam wahleykkum.sharing радостный новость. по милость божьей, я получить предложение от tayseer, tissco и я присоединился. надеюсь, вы в порядок .ниша аллах,встрести вы когда-нибудь .хеш,посетитель из индии."
390,0,Хммм...хорошо...но я хочу быстро изменить поле да:-)я хочу получить системного администратора или сетевого администратора..,хммм...хорошо...ный я хотеть быстро изменить поле да:-)ть хотеть получить системный администратор или сетевой администратора..
391,0,"Дорогой, как Чечи. Ты говорил с ней.","дорогой, как речи. ты говорить с ней."
392,0,Крем для волос не поставлялся.,крем для волос не поставлялся.
393,0,"Ничего из этого не происходит, пока вы не доберетесь сюда.","ничего из это не происходит, пока вы не добраться сюда."
394,0,"Да, великое рождественское дерево локсахатчи &lt;#&gt;  начнется через час.","да, великое рождественский дерево локсахатч &lt;#&gt; начаться через час."
395,0,"Ха-ха, привык ездить к полезному человеку, я знаю много забивающих камнями.","ха-ха, привыкнуть ездить к полезный человеку, я знать много забивать камнями."
396,0,"Все было хорошо до слегка катастрофического класса в этот вечер с моими любимыми любимцами! Надеюсь на выходной, хорошо. Кофе был бы хорош, так как не может остаться допоздна завтра. То же время + место, как всегда?","всё быть хорошо до слегка катастрофический класс в этот вечер с мой любимый любимцами! надеяться на выходной, хорошо. кофе быть бы хорош, так как не мочь остаться допоздна завтра. то же время + место, как всегда?"
397,0,Здравствуйте! Хорошая неделя? Хотите выпить или что-то еще?,здравствуйте! хороший неделя? хотеть выпить или что-то еще?
398,0,"потому что я хочу, чтобы это было твоим делом.","потому что я хочу, чтобы это быть твой делом."
399,0,"Оки... Я тоже пойду Ян Цзю... Мы можем пропустить ard oso, пойти cine den go mrt one, бла-бла-бла...","оки... я тоже пойти ян цзю... мы мочь пропустить ard oso, пойти cine den go mrt one, бла-бла-бла..."
400,0,Привези домой Венди.,привезти домой венди.
401,0,Что там наверху? Ты не хочешь спать?,что там наверху? ты не хотеть спать?
402,0,Теперь у меня новая цель.,теперь у я новый цель.
403,1,БЕСПЛАТНЫЙ вход в наш £ 250 еженедельный конкурс просто текст слово ВЫИГРАТЬ 80086 СЕЙЧАС. 18 T & C www.txttowin.co.uk,бесплатный вход в наш £ 250 еженедельный конкурс просто текст слово играть 80086 сейчас. 18 t & c www.txttowin.co.uk
404,0,"Хорошо, я выйду через несколько минут, напишу мне, где тебя встретить","хорошо, я выйти через несколько минут, написать мне, где ты встретить"
405,1,"Отправьте логотип своему возлюбленному - два имени, соединенные сердцем. Текстовое ИМЯ ЛЮБВИ1 ИМЯ2 MOBNO eg LOVE ADAM EVE 07123456789 to 87077 Yahoo! POBox36504W45WQ TxtNO 4 без рекламы 150p","отправить логотип свой возлюбить - два имени, соединить сердцем. текстовый имя любви1 имя2 mobno eg love adam eve 07123456789 to 87077 yahoo! pobox36504w45wq txtno 4 без реклама 150p"
406,0,"Да,с прошлой недели я принимаю звонок в прямом эфире.","да,с прошлый неделя я принимать звонок в прямой эфире."
407,1,"Кто-то связался с нашей службой знакомств и вошел в ваш телефон, потому что вы им нравитесь! Узнать, кто это звонит со стационарного телефона 09111032124 . PoBox12n146tf150p","кто-то связаться с наш служба знакомство и войти в ваш телефон, потому что вы они нравитесь! узнать, кто это звонить с стационарный телефон 09111032124 . pobox12n146tf150p"
408,0,Шива в хостеле aha:-.,шив в хостел aha:-.
409,0,Отправьте это своим друзьям и получите что-то о вашем голосе..... Как мое говорящее выражение? 1.childish 2.naughty 3.Sentiment 4.rowdy 5.full of attitude 6.romantic 7.shy 8.Attractive 9.funny &lt;#&gt; .irritating  &lt;#&gt; .lovable. ответьте мне..,отправить это свой друг и получить что-то о ваш голосе..... как мой говорящий выражение? 1.childish 2.naughty 3.sentiment 4.rowdy 5.full of attitude 6.romantic 7.shy 8.attractive 9.funny &lt;#&gt; .irritating &lt;#&gt; .lovable. ответить мне..
410,0,"Хорошо, с ней все будет в порядке.","хорошо, с она всё быть в порядке."
411,0,аати..где ты дорогая..,анти..где ты дорогая..
412,0,Боль при мочеиспускании есть?,боль при мочеиспускание есть?
413,0,"семь на эспланаде.. Не возражаете подвезти меня, потому что у меня сегодня нет машины..","семь на эспланаде.. не возражать подвезти меня, потому что у я сегодня нет машины.."
414,0,Я хочу купить автомобиль BMW срочно..его очень срочно .Но есть нехватка &lt;#&gt; Lacs.there нет источника аргумента расстояние AMT. &lt;#&gt; Lacs..это моя проблема.,я хотеть купить автомобиль bmw срочно..ий очень срочно .но есть нехватка &lt;#&gt; lacs.there нет источник аргумент расстояние amt. &lt;#&gt; lacs..этый мой проблема.
415,0,Дома смотрят телевизор.,дом смотреть телевизор.
416,0,"Ей обычно требуется пятнадцать минут, чтобы ответить на вопрос «да» или «нет»","она обычно требоваться пятнадцать минут, чтобы ответить на вопрос «да» или «нет»"
417,1,Забронировали билет на Понгал?,забронировать билет на понгал?
418,1,Вы свободны сейчас? Я как раз вокруг Хиллсборо и  &lt;#&gt; го,вы свободный сейчас? я как раз вокруг хиллсборо и &lt;#&gt; го
419,0,Отправленное сообщение запрашивает  &lt;#&gt; долларов. Должен ли я платить  &lt;#&gt;  или  &lt;#&gt; ?,отправить сообщение запрашивать &lt;#&gt; долларов. должный ли я платить &lt;#&gt; или &lt;#&gt; ?
420,0,"Спроси Джи или Йоури, я уже десять раз рассказывал эту историю.","спросить джи или йоури, я уже десять раз рассказывать этот историю."
421,0,"Сколько, блядь, пчелы трахают?","сколько, блядь, пчела трахают?"
422,0,"Здравствуйте, надеюсь, что вы получили это сообщение~путешествие не было хорошим,теперь примерно на 50 минут позже, я думаю.","здравствуйте, надеюсь, что вы получить это сообщение~путешествие не быть хорошим,теперить примерно на 50 минута позже, я думаю."
423,0,Но я должен. Мне нравится любить и устраивать.,но я должен. я нравиться любить и устраивать.
424,0,Да..он действительно большой.. Бхаджисказал Каллис лучший игрок в крикет после сачина в мире:).Очень трудно выйти.,да..он действительно большой.. бхаджисказать каллиса хороший игрок в крикет после зачин в мире:).очень трудно выйти.
425,0,Вы должны были разбудить меня &gt.,вы должный быть разбудить я &gt.
426,0,"Ой... Я тоже его видела, но я думала, что он меня не видел... Я нашла группу Ляо...","ой... я тоже он видела, но я думала, что он я не видел... я найти группа ляо..."
427,0,"ЭЙ, ЭЙ, МЫ ЛЮДИ MONKEES ГОВОРЯТ, МЫ MONKEYAROUND! КАК ДЕЛА, КРАСАВИЦА? КОЛБАСА FOUNDURSELF A JOBYET?LOVE JEN XXX","э, э, м человек monkees говорят, м monkeyaround! ак дела, красавица? колбаса foundurself a jobyet?love jen xxx"
428,0,"Извините, моя батарея разрядилась, я могу зайти, но пока я получаю только грамм, где ваше место?","извините, мой батарея разрядилась, я мочь зайти, но пока я получать только грамм, где ваш место?"
429,0,"Молодец, черт возьми, упражнения, да, я вроде как помню, что бы это было, хм.","молодец, черта возьми, упражнения, да, я вроде как помню, что бы это было, хм."
430,0,"Я не стану концентрироваться, дорогой, ты знаешь, что ты мой ум и все такое :-)","я не стать концентрироваться, дорогой, ты знаешь, что ты мой ум и всё такой :-)"
431,0,ЛОЛ ... у тебя есть планы на новый год?,ол ... у ты есть план на новый год?
432,0,"десять минут спустя, хорошо.","десять минута спустя, хорошо."
433,0,хэнкс много!,бэнкс много!
434,0,"Спасибо за надежду, что у вас сегодня был хороший день.","спасибо за надежду, что у вы сегодня быть хороший день."
435,0,"ок, какие детали вы хотите перенести? номер счета достаточно?","ок, какой деталь вы хотеть перенести? номер счёт достаточно?"
436,0,"Хорошо, я скажу ей держаться подальше. Да, это было тяжело, но мы надеемся, что ситуация улучшится в этом месяце.","хорошо, я сказать она держаться подальше. да, это быть тяжело, но мы надеемся, что ситуация улучшиться в это месяце."
437,0,"Я думаю, что лучше сделать эти трюфели из орео.","я думаю, что хороший сделать этот трюфель из орех."
438,0,"ПОСМОТРИ НА ЭМИ УРЕ, КРАСИВУЮ, УМНУЮ ЖЕНЩИНУ, И ТЫ МНЕ ОЧЕНЬ НРАВИШЬСЯ. Я ЗНАЮ, ЧТО Я ТЕБЕ НЕ НРАВЛЮСЬ, ТАК ЧТО НЕ ВОЛНУЙСЯ.","смотреть на ми уре, красивую, мять женщину, и то не очень нравишься. я на, то я она на нравлюсь, так то на волнуйся."
439,0,"Я надеюсь, что это результат того, что вы всегда умны и добры. Начните спрашивать его о ссылках на практикум и держите уши открытыми и все самое лучшее.","я надеюсь, что это результат того, что вы всегда умный и добры. начать спрашивать он о ссылка на практикум и держать ухо открытый и всё самый лучшее."
440,0,"что стоимость звонка. Который, я думаю, неплохой. Мисс вы, нужно вам, хочу вас, люблю вас","что стоимость звонка. который, я думаю, неплохой. мисс вы, нужно вам, хотеть вас, любить вы"
441,0,"Проходя через совсем другое чувство. колеблющиеся решения и справляться с тем же - это то же самое individual.time исцелит все, во что я верю.","проходить через совсем другой чувство. колебаться решение и справляться с тем же - это то же самый individual.time исцелить все, в что я верю."
442,0,"Куда ты пошла? Мой телефон умрет, если ты останешься здесь.","куда ты пошла? мой телефон умрет, если ты остаться здесь."
443,0,"Извините, я позвоню позже, хорошо, пока.","извините, я позвонить позже, хорошо, пока."
444,0,"Хорошо, я на пути к железной дороге.","хорошо, я на путь к железный дороге."
445,0,"Они не кладут эти вещи на дороги, чтобы они не стали скользкими?","они не класть этот вещь на дороги, чтобы они не стать скользкими?"
446,0,Когда вы собираетесь ехать на велосипеде?,когда вы собираться ехать на велосипеде?
447,0,"Да, не нужно. Я подожду, пока дождь прекратится.","да, не нужно. я подожду, пока дождь прекратится."
448,0,Есть много компаний. Скажи мне язык.,есть много компаний. сказать я язык.
449,1,"ok mail: Уважаемый Дэйв, это ваше последнее уведомление о получении вашего 4* Tenerife Holiday или ДЕНЕЖНОГО вознаграждения #5000! Позвоните по номеру 09061743806 со стационарного телефона.","ok mail: уважаемый дэйв, это ваш последний уведомление о получение ваш 4* tenerife holiday или денежный вознаграждение #5000! позвонить по номер 09061743806 с стационарный телефона."
